{
  "ran_at": "2026-06-10T10:17:04.311Z",
  "kappa_target": 0.6,
  "traces": 20,
  "pairs": 100,
  "overall": {
    "TP": 30,
    "TN": 63,
    "FP": 5,
    "FN": 2,
    "n": 100,
    "accuracy": 0.93,
    "precision": 0.8571428571428571,
    "recall": 0.9375,
    "f1": 0.8955223880597014,
    "kappa": 0.8430493273542602,
    "kappa_label": "almost perfect",
    "mae": 0.026399999999999993
  },
  "per_article": {
    "article_50_ai_interaction_disclosure": {
      "TP": 11,
      "TN": 7,
      "FP": 2,
      "FN": 0,
      "n": 20,
      "accuracy": 0.9,
      "precision": 0.8461538461538461,
      "recall": 1,
      "f1": 0.9166666666666666,
      "kappa": 0.7938144329896908,
      "mae": 0.03
    },
    "article_9_risk_management": {
      "TP": 7,
      "TN": 12,
      "FP": 0,
      "FN": 1,
      "n": 20,
      "accuracy": 0.95,
      "precision": 1,
      "recall": 0.875,
      "f1": 0.9333333333333333,
      "kappa": 0.8936170212765956,
      "mae": 0.0245
    },
    "article_14_human_oversight": {
      "TP": 8,
      "TN": 11,
      "FP": 0,
      "FN": 1,
      "n": 20,
      "accuracy": 0.95,
      "precision": 1,
      "recall": 0.8888888888888888,
      "f1": 0.9411764705882353,
      "kappa": 0.8979591836734693,
      "mae": 0.038999999999999986
    },
    "article_50_synthetic_content_marking": {
      "TP": 2,
      "TN": 17,
      "FP": 1,
      "FN": 0,
      "n": 20,
      "accuracy": 0.95,
      "precision": 0.6666666666666666,
      "recall": 1,
      "f1": 0.8,
      "kappa": 0.7727272727272725,
      "mae": 0.013500000000000002
    },
    "article_53_gpai_obligations": {
      "TP": 2,
      "TN": 16,
      "FP": 2,
      "FN": 0,
      "n": 20,
      "accuracy": 0.9,
      "precision": 0.5,
      "recall": 1,
      "f1": 0.6666666666666666,
      "kappa": 0.6153846153846153,
      "mae": 0.024999999999999988
    }
  }
}