{
  "ran_at": "2026-06-06T23:22:06.696Z",
  "kappa_target": 0.6,
  "traces": 8,
  "pairs": 40,
  "overall": {
    "TP": 11,
    "TN": 26,
    "FP": 2,
    "FN": 1,
    "n": 40,
    "accuracy": 0.925,
    "precision": 0.8461538461538461,
    "recall": 0.9166666666666666,
    "f1": 0.8799999999999999,
    "kappa": 0.8255813953488373,
    "kappa_label": "almost perfect",
    "mae": 0.03125
  },
  "per_article": {
    "article_50_ai_interaction_disclosure": {
      "TP": 5,
      "TN": 2,
      "FP": 1,
      "FN": 0,
      "n": 8,
      "accuracy": 0.875,
      "precision": 0.8333333333333334,
      "recall": 1,
      "f1": 0.9090909090909091,
      "kappa": 0.7142857142857143,
      "mae": 0.03249999999999999
    },
    "article_9_risk_management": {
      "TP": 2,
      "TN": 6,
      "FP": 0,
      "FN": 0,
      "n": 8,
      "accuracy": 1,
      "precision": 1,
      "recall": 1,
      "f1": 1,
      "kappa": 1,
      "mae": 0.024999999999999994
    },
    "article_14_human_oversight": {
      "TP": 3,
      "TN": 4,
      "FP": 0,
      "FN": 1,
      "n": 8,
      "accuracy": 0.875,
      "precision": 1,
      "recall": 0.75,
      "f1": 0.8571428571428571,
      "kappa": 0.75,
      "mae": 0.05374999999999999
    },
    "article_50_synthetic_content_marking": {
      "TP": 1,
      "TN": 7,
      "FP": 0,
      "FN": 0,
      "n": 8,
      "accuracy": 1,
      "precision": 1,
      "recall": 1,
      "f1": 1,
      "kappa": 1,
      "mae": 0.018750000000000003
    },
    "article_53_gpai_obligations": {
      "TP": 0,
      "TN": 7,
      "FP": 1,
      "FN": 0,
      "n": 8,
      "accuracy": 0.875,
      "precision": 0,
      "recall": 0,
      "f1": 0,
      "kappa": 0,
      "mae": 0.026249999999999968
    }
  }
}